{"n_pantos":2629,"percentiles":{"max_arch_depth":{"p5":0.015202,"p25":0.031904,"p50":0.054357,"p75":0.077043,"p95":0.108802,"mean":0.056769,"std":0.029743,"min":0.002991,"max":0.223508},"max_arch_width":{"p5":0.401003,"p25":0.534996,"p50":0.582847,"p75":0.614666,"p95":0.652061,"mean":0.563984,"std":0.078229,"min":0.142278,"max":0.720552},"max_arch_apex_x":{"p5":-0.325126,"p25":-0.293523,"p50":0.011216,"p75":0.293654,"p95":0.321672,"mean":0.002812,"std":0.281642,"min":-0.375128,"max":0.352927},"max_arch_apex_y":{"p5":0.036181,"p25":0.076106,"p50":0.104999,"p75":0.130519,"p95":0.164915,"mean":0.102716,"std":0.039936,"min":-0.046301,"max":0.283693},"max_arch_curv_apex":{"p5":0.603627,"p25":2.1693,"p50":3.169858,"p75":3.945314,"p95":5.864135,"mean":3.30239,"std":2.860248,"min":0.000809,"max":73.546856},"max_arch_asym_LR":{"p5":0.225493,"p25":1.749537,"p50":4.375848,"p75":5.921439,"p95":7.809959,"mean":4.024741,"std":2.452337,"min":0.001685,"max":11.251441},"max_arch_R2_fit":{"p5":0.285645,"p25":0.718954,"p50":0.850876,"p75":0.91522,"p95":0.969418,"mean":0.778418,"std":0.204761,"min":0.022508,"max":1.0},"max_arch_log_arclen":{"p5":-0.386115,"p25":-0.263519,"p50":-0.216265,"p75":-0.188419,"p95":-0.160335,"mean":-0.237116,"std":0.076716,"min":-0.806796,"max":-0.118586},"man_arch_depth":{"p5":0.017929,"p25":0.035535,"p50":0.052431,"p75":0.071354,"p95":0.101177,"mean":0.055248,"std":0.026345,"min":0.00153,"max":0.203649},"man_arch_width":{"p5":0.371375,"p25":0.550307,"p50":0.638494,"p75":0.687644,"p95":0.741524,"mean":0.606994,"std":0.116139,"min":0.103503,"max":0.843745},"man_arch_apex_x":{"p5":-0.366194,"p25":-0.3238,"p50":0.107133,"p75":0.326769,"p95":0.367498,"mean":0.010179,"std":0.313458,"min":-0.430427,"max":0.449842},"man_arch_apex_y":{"p5":0.178281,"p25":0.209642,"p50":0.230179,"p75":0.252808,"p95":0.28678,"mean":0.23147,"std":0.034198,"min":0.114022,"max":0.45592},"man_arch_curv_apex":{"p5":0.312001,"p25":1.450631,"p50":2.563724,"p75":3.726996,"p95":6.648613,"mean":3.013384,"std":3.071066,"min":0.005254,"max":54.793358},"man_arch_asym_LR":{"p5":0.341904,"p25":1.631234,"p50":2.940324,"p75":4.669682,"p95":7.392239,"mean":3.317787,"std":2.188537,"min":0.000595,"max":11.687949},"man_arch_R2_fit":{"p5":0.448886,"p25":0.762073,"p50":0.889918,"p75":0.951804,"p95":0.983144,"mean":0.827343,"std":0.172623,"min":0.013554,"max":1.0},"man_arch_log_arclen":{"p5":-0.418325,"p25":-0.249768,"p50":-0.184604,"p75":-0.152304,"p95":-0.113474,"mean":-0.216607,"std":0.104695,"min":-0.951714,"max":-0.049004}}}
