{"axis": "origin", "fence_factor": 3.0, "bag_r": 1.17741, "loop_r": 3.53223, "groups": {"Centro A": {"n_pantos": 1436, "teeth": {"11": {"n": 1407, "n_outliers": 10, "outliers_x": [-0.067652, -0.089236, 0.001196, 0.019295, -0.067763, -0.044443, -0.027163, -0.023598, -0.058081, -0.035296], "outliers_y": [0.217688, 0.218963, 0.272327, 0.124855, 0.304453, 0.05282, 0.030229, 0.307162, 0.267359, 0.045255]}, "12": {"n": 1383, "n_outliers": 7, "outliers_x": [0.056592, -0.10534, -0.090424, -0.068066, -0.05577, -0.093666, 0.051288], "outliers_y": [0.163424, 0.295855, 0.028764, 0.024829, 0.304231, 0.262215, 0.208902]}, "13": {"n": 1407, "n_outliers": 15, "outliers_x": [-0.155929, -0.106907, -0.122043, -0.164995, -0.141374, -0.130133, -0.06107, -0.024781, -0.142345, -0.099128, -0.10249, -0.138391, -0.121771, -0.124615, -0.034594], "outliers_y": [0.197375, -0.020969, 0.014312, 0.022308, 0.263573, -0.042012, 0.022326, 0.049143, 0.056137, 0.000425, -0.028379, 0.044661, -0.011365, 0.00279, 0.139568]}, "14": {"n": 1358, "n_outliers": 10, "outliers_x": [-0.141057, -0.071622, -0.181695, -0.146442, -0.133752, -0.124919, -0.116874, -0.116874, -0.150394, 0.138431], "outliers_y": [0.024988, 0.126332, 0.247989, 0.02657, 0.280475, 0.024177, 0.282864, 0.282864, 0.040336, 0.187413]}, "15": {"n": 1287, "n_outliers": 10, "outliers_x": [-0.186051, -0.239979, -0.104866, -0.217843, -0.186683, -0.128323, -0.202285, -0.172208, -0.194204, -0.098826], "outliers_y": [0.025449, 0.176262, 0.121523, 0.233825, -0.001979, 0.052178, 0.257503, 0.024076, 0.040531, 0.135165]}, "16": {"n": 1286, "n_outliers": 7, "outliers_x": [0.156611, -0.196274, -0.307682, -0.237913, -0.215519, -0.229039, 0.194743], "outliers_y": [0.138446, 0.259651, 0.147554, 0.036676, 0.257066, 0.012797, 0.141142]}, "17": {"n": 1315, "n_outliers": 6, "outliers_x": [-0.285407, -0.300714, 0.278037, -0.303365, 0.254568, -0.296401], "outliers_y": [-0.008701, -0.013923, 0.107048, 0.019187, 0.153927, 0.015467]}, "18": {"n": 960, "n_outliers": 3, "outliers_x": [-0.248758, -0.357869, -0.375128], "outliers_y": [0.170588, 0.005789, 0.075332]}, "21": {"n": 1401, "n_outliers": 8, "outliers_x": [-0.024164, 0.063005, -0.023113, -0.071555, 0.035548, 0.014102, -0.014691, 0.053282], "outliers_y": [0.213377, 0.125462, 0.296371, 0.120781, 0.024518, 0.306551, 0.257241, 0.06082]}, "22": {"n": 1391, "n_outliers": 7, "outliers_x": [-0.051239, 0.010414, 0.00411, 0.079084, 0.048119, 0.018856, 0.036003], "outliers_y": [0.150445, 0.284037, 0.176074, 0.041082, 0.29072, 0.254411, 0.044269]}, "23": {"n": 1409, "n_outliers": 14, "outliers_x": [0.089391, 0.080403, 0.132744, 0.052346, 0.037654, 0.097531, 0.026899, 0.130908, 0.122198, 0.113211, 0.097341, 0.043952, 0.103332, 0.170861], "outliers_y": [-0.029229, 0.008546, 0.016057, 0.264788, 0.116363, -0.029268, 0.156321, 0.0296, 0.0136, -0.0157, -0.020145, 0.024387, -0.00631, 0.137262]}, "24": {"n": 1354, "n_outliers": 7, "outliers_x": [0.120007, 0.13393, -0.186366, 0.13083, 0.105249, 0.211062, 0.199817], "outliers_y": [0.023698, 0.01798, 0.187872, 0.283482, 0.282474, 0.168735, 0.134938]}, "25": {"n": 1292, "n_outliers": 10, "outliers_x": [0.171432, 0.178601, 0.105072, 0.175275, 0.127292, 0.132541, 0.175382, 0.229734, 0.237552, 0.110852], "outliers_y": [0.019781, -0.00773, 0.142998, 0.033316, 0.054123, 0.263881, 0.030799, 0.137723, 0.160312, 0.184669]}, "26": {"n": 1271, "n_outliers": 6, "outliers_x": [0.229685, 0.222224, 0.232675, -0.212578, 0.192539, 0.324792], "outliers_y": [0.041616, 0.252359, 0.026531, 0.14968, 0.260029, 0.1394]}, "27": {"n": 1306, "n_outliers": 7, "outliers_x": [0.332912, 0.276357, 0.218285, 0.295953, 0.29125, 0.287614, 0.292229], "outliers_y": [0.191306, -0.010334, 0.241176, 0.004348, 0.020102, 0.017112, 0.017457]}, "28": {"n": 977, "n_outliers": 3, "outliers_x": [0.271647, 0.237183, 0.24269], "outliers_y": [0.212547, 0.05489, 0.120755]}, "31": {"n": 1397, "n_outliers": 7, "outliers_x": [-0.023306, -0.029606, 0.059549, -0.009951, 0.021697, 0.04294, 0.04212], "outliers_y": [0.186071, 0.442671, 0.234789, 0.406415, 0.424626, 0.456816, 0.172379]}, "32": {"n": 1399, "n_outliers": 9, "outliers_x": [-0.000949, 0.092525, -0.000295, -0.006445, 0.087567, 0.015027, 0.050632, 0.070167, 0.065647], "outliers_y": [0.185458, 0.263697, 0.435887, 0.238931, 0.241531, 0.419055, 0.42641, 0.462235, 0.171408]}, "33": {"n": 1426, "n_outliers": 9, "outliers_x": [-0.109732, 0.13261, 0.033127, 0.047977, 0.128526, 0.128526, 0.075835, 0.113819, 0.128001], "outliers_y": [0.290808, 0.408647, 0.440277, 0.419968, 0.277523, 0.277523, 0.163983, 0.487164, 0.183869]}, "34": {"n": 1388, "n_outliers": 8, "outliers_x": [0.064607, 0.168655, 0.100128, 0.153678, 0.086086, 0.16988, 0.141378, 0.13277], "outliers_y": [0.200839, 0.360044, 0.423973, 0.398813, 0.407165, 0.260174, 0.458151, 0.183781]}, "35": {"n": 1353, "n_outliers": 4, "outliers_x": [-0.177293, -0.147026, 0.120162, 0.178311], "outliers_y": [0.306724, 0.260266, 0.401897, 0.449974]}, "36": {"n": 1240, "n_outliers": 4, "outliers_x": [0.173353, -0.195223, -0.195223, 0.239973], "outliers_y": [0.379476, 0.237367, 0.237367, 0.429353]}, "37": {"n": 1253, "n_outliers": 4, "outliers_x": [-0.311576, 0.173778, 0.361706, 0.302064], "outliers_y": [0.25782, 0.26194, 0.17448, 0.385068]}, "38": {"n": 994, "n_outliers": 5, "outliers_x": [0.239023, 0.353174, 0.236028, 0.354295, 0.276213], "outliers_y": [0.272324, 0.345192, 0.236524, 0.366828, 0.340487]}, "41": {"n": 1396, "n_outliers": 9, "outliers_x": [-0.046677, 0.028744, -0.060249, 0.030171, 0.028601, -0.005708, 0.019989, -0.034271, 0.018579], "outliers_y": [0.188073, 0.245986, 0.439692, 0.235492, 0.247337, 0.424299, 0.452109, 0.414613, 0.175589]}, "42": {"n": 1400, "n_outliers": 9, "outliers_x": [0.02481, -0.092286, 0.085245, -0.089801, 0.007679, -0.035591, -0.008369, -0.082947, -0.004555], "outliers_y": [0.31078, 0.436703, 0.257118, 0.359025, 0.25336, 0.42453, 0.461175, 0.405791, 0.173576]}, "43": {"n": 1422, "n_outliers": 9, "outliers_x": [0.046329, -0.117008, -0.138295, -0.13812, -0.017117, -0.052047, -0.121157, -0.03823, 0.008473], "outliers_y": [0.30284, 0.212031, 0.439202, 0.362703, 0.264888, 0.489529, 0.429916, 0.185309, 0.188335]}, "44": {"n": 1397, "n_outliers": 4, "outliers_x": [0.094425, -0.185583, 0.140448, -0.086455], "outliers_y": [0.145359, 0.423575, 0.254835, 0.462287]}, "45": {"n": 1329, "n_outliers": 4, "outliers_x": [0.154618, 0.140293, -0.23424, -0.127926], "outliers_y": [0.28889, 0.259999, 0.403757, 0.449826]}, "46": {"n": 1261, "n_outliers": 6, "outliers_x": [-0.284167, -0.266516, -0.196448, -0.281735, -0.298611, -0.253279], "outliers_y": [0.36442, 0.193555, 0.427648, 0.207145, 0.282643, 0.171881]}, "47": {"n": 1249, "n_outliers": 7, "outliers_x": [-0.179674, -0.263459, -0.361996, -0.372324, -0.231247, -0.18203, -0.186384], "outliers_y": [0.243422, 0.37314, 0.188081, 0.243521, 0.347982, 0.192624, 0.344237]}, "48": {"n": 1009, "n_outliers": 4, "outliers_x": [0.319889, 0.30913, 0.309385, 0.353494], "outliers_y": [0.25087, 0.249093, 0.227495, 0.245831]}}}, "Centro B": {"n_pantos": 1210, "teeth": {"11": {"n": 1128, "n_outliers": 8, "outliers_x": [-0.089138, 0.053813, -0.085061, 0.033697, 0.030238, 0.029575, 0.035716, -0.019843], "outliers_y": [0.15611, 0.182043, 0.255055, 0.101537, 0.062125, 0.204432, 0.127838, 0.310246]}, "12": {"n": 1121, "n_outliers": 5, "outliers_x": [0.018872, -0.130527, 0.112567, 0.061623, -0.057641], "outliers_y": [0.16927, 0.242868, 0.123782, 0.090824, 0.293538]}, "13": {"n": 1139, "n_outliers": 4, "outliers_x": [-0.01819, -0.17636, -0.11768, -0.018704], "outliers_y": [0.151807, 0.218834, -0.03159, 0.128865]}, "14": {"n": 1022, "n_outliers": 4, "outliers_x": [-0.056311, 0.122115, -0.08592, -0.045405], "outliers_y": [0.155157, 0.111614, 0.233977, 0.118201]}, "15": {"n": 938, "n_outliers": 3, "outliers_x": [-0.090167, -0.100733, -0.092988], "outliers_y": [0.057202, 0.031441, 0.105463]}, "16": {"n": 955, "n_outliers": 4, "outliers_x": [-0.200901, 0.214689, 0.255346, 0.18766],