{
  "meta": {
    "B": 1000,
    "N_pantos": 853,
    "P_features": 96,
    "seed": 20260517,
    "source_experiment": "exp08_robustez"
  },
  "pc1": {
    "var_explained_pct": 29.966130139186554,
    "ci95_pct": [
      28.796560075802372,
      31.423855149802137
    ],
    "loadings_stability_mean": 0.9979919739040015,
    "loadings_stability_p2_5": 0.9950217956046469,
    "rank_preserved_rate": 1.0
  },
  "var_explained_top_pct": [
    29.966130139186554,
    13.106536046948317,
    10.162919937633431,
    7.977725026386152,
    3.621219110530967,
    2.841331940589001,
    2.1294606148375195,
    2.046194461156617,
    1.6689205599430625,
    1.4049010802430877,
    1.3521198050463001,
    1.2723277466625997,
    1.2357778235401196,
    1.1673129013142722,
    1.1116915819571183
  ],
  "cumvar_top_pct": [
    29.966130139186554,
    43.07266618613487,
    53.2355861237683,
    61.213311150154446,
    64.83453026068543,
    67.67586220127441,
    69.80532281611194,
    71.85151727726856,
    73.52043783721162,
    74.92533891745471,
    76.27745872250101,
    77.54978646916362,
    78.78556429270374,
    79.95287719401801,
    81.06456877597513
  ],
  "k_recommendations": {
    "kaiser_eig_gt_1": 15,
    "horn_parallel": 9,
    "stable_loadings_corr_geq_0_9": 6
  }
}