{
  "meta": {
    "n_pantos": 831,
    "B": 500,
    "seed": 20260518,
    "source_experiment": "exp32_rotacion_angulo_lm"
  },
  "variants": {
    "V_img": {
      "pc1_pct": 29.47463561595213,
      "pc1_ci95_pct": [
        28.44522529169879,
        30.916086628467536
      ],
      "pr": 5.214488516660661,
      "r2_combined": 0.12550385834338162,
      "pc1_per_tooth_mean_pct": 41.01853407093007
    },
    "V_mix": {
      "pc1_pct": 30.115344058295403,
      "pc1_ci95_pct": [
        29.333149839110746,
        31.23030327652268
      ],
      "pr": 4.9165440487698815,
      "r2_combined": 0.05404039083313128,
      "pc1_per_tooth_mean_pct": 43.48187181279608
    },
    "V_lm": {
      "pc1_pct": 30.06388922309683,
      "pc1_ci95_pct": [
        29.273816592509487,
        31.270544891940133
      ],
      "pr": 4.989864809664973,
      "r2_combined": 0.053869657846973285,
      "pc1_per_tooth_mean_pct": 43.0638384802924
    }
  },
  "procrustes_d2": {
    "V_img__V_mix": 0.8285684345750198,
    "V_img__V_lm": 0.8415462887925492,
    "V_mix__V_lm": 0.012340903616749901
  },
  "summary_metrics": {
    "delta_pc1_vmix_vlm_pp": -0.05145483519857308,
    "r2_combined_img": 0.12550385834338162,
    "r2_combined_lm": 0.053869657846973285,
    "r2_reduction_factor_img_over_lm": 2.3297689898068135
  }
}